"Type";"Start Port";"Start Week";"Destination";"Duration";"Weight";"Pickup Interval";"Cargo";"Cranes";"Ice Class";"Bi Fuel";"Rate";"Currency";"Discharge Time";"Port Days";"SSHINC";"Demurage";"Signing Fee";"Cargo Volume";"Floor Strength";"Maintenance Period";"Monthly Payment Date";"Penalty";"Broker";"Commission"
"Voyage Charter";"Corpus Christi";2;"Odessa";12;54455;0;"Coal";TRUE;TRUE;FALSE;12.98;"USD";0;44;TRUE;16750;0.37;0;0;0;0;6700;"Brauner International";0.03
"Voyage Charter";"Hai Phong";2;"Rotterdam";10;91083;0;"Fertilizers";FALSE;FALSE;FALSE;13.78;"USD";0;12;FALSE;19855;0.29;0;0;0;0;7942;"ABC Logisitcs";0.01
"Voyage Charter";"Rotterdam";2;"Tanger";4;15026;0;"Steel Products";FALSE;FALSE;FALSE;8;"USD";0;8;TRUE;15033;0.28;0;0;0;0;6013;"Bosman Freight Forwarders";0.04
"Voyage Charter";"Izmir";2;"Marseille";2;13521;0;"Fertilizers";FALSE;FALSE;FALSE;20.87;"USD";0;-2;TRUE;13675;0.28;0;0;0;0;5470;"Great Eagle Tranport Services";0.01
"Voyage Charter";"Dalian";2;"Tubarao";9;74627;0;"Agribulk";FALSE;FALSE;FALSE;22.99;"USD";0;11;TRUE;19208;0.1;0;0;0;0;7683;"Crafters Group";0.02
"Voyage Charter";"New York";2;"Jeddah";9;62758;0;"Agribulk";FALSE;FALSE;FALSE;21;"USD";0;-4;TRUE;19855;0.01;0;0;0;0;7942;"ABC Logisitcs";0.05
"Voyage Charter";"Jeddah";2;"Kolkata";5;41375;0;"Agribulk";FALSE;FALSE;FALSE;10.97;"USD";0;8;TRUE;17550;0.05;0;0;0;0;7020;"Cargo Excellence";0.02
"Voyage Charter";"Izmir";2;"Tubarao";6;25000;0;"Alumina";FALSE;FALSE;FALSE;19.84;"USD";0;7;TRUE;15033;0.13;0;0;0;0;6013;"Mann Global Logistics";0.05
"Voyage Charter";"Dunkirk";2;"Mina Saqr";10;61390;0;"Agribulk";FALSE;FALSE;FALSE;14.5;"USD";0;19;TRUE;19855;0.1;0;0;0;0;7942;"Brauner International";0.05
"Voyage Charter";"Marseille";2;"Antwerp";3;30057;0;"Minor Ores";FALSE;FALSE;FALSE;9;"USD";0;5;TRUE;17550;0.22;0;0;0;0;7020;"ABC Logisitcs";0.03
"Voyage Charter";"Corpus Christi";2;"New York";4;34268;0;"Coal";FALSE;FALSE;FALSE;9.21;"USD";0;11;FALSE;17550;0.25;0;0;0;0;7020;"ABC Logisitcs";0.01
"Voyage Charter";"Incheon";2;"Portland";6;82411;0;"Manufactureds";FALSE;FALSE;FALSE;11.45;"USD";0;9;FALSE;17058;0.02;0;0;0;0;6823;"Omega Forwarding";0.05
"Voyage Charter";"Gothenburg";2;"Izmir";4;26143;0;"Manufactureds";FALSE;TRUE;FALSE;17.59;"USD";0;4;FALSE;17550;0.41;0;0;0;0;7020;"Great Eagle Tranport Services";0.02
"Voyage Charter";"Marseille";2;"Gijon";3;40970;0;"Minor Ores";FALSE;FALSE;FALSE;7;"USD";0;8;FALSE;17550;0.24;0;0;0;0;7020;"Great Eagle Tranport Services";0.05
"Voyage Charter";"Shanghai";2;"Kolkata";5;52498;0;"Manufactureds";FALSE;FALSE;FALSE;5;"USD";0;11;FALSE;19855;0.16;0;0;0;0;7942;"Omega Forwarding";0.04
"Voyage Charter";"Shanghai";2;"Ensenada";8;28844;0;"Manufactureds";FALSE;FALSE;FALSE;17.26;"USD";0;15;FALSE;17550;0.28;0;0;0;0;7020;"Bosman Freight Forwarders";0.03
"Voyage Charter";"Marseille";3;"Rostock";6;24258;0;"Minor Ores";TRUE;TRUE;FALSE;19;"USD";0;25;FALSE;15033;0;0;0;0;0;6013;"Worldwide Freight";0.05
"Voyage Charter";"Corpus Christi";3;"San Antonio";9;52625;0;"Grain";FALSE;FALSE;FALSE;12.18;"USD";0;17;TRUE;16750;0.25;0;0;0;0;6700;"ABC Logisitcs";0.05
"Voyage Charter";"Tubarao";3;"Corpus Christi";8;61259;0;"Manufactureds";FALSE;FALSE;FALSE;9.42;"USD";0;24;FALSE;16388;0.5;0;0;0;0;6555;"ABC Logisitcs";0.01
"Contract Of Affreightment";"Antwerp";3;"Gijon";52;11129;2;"Agribulk";FALSE;FALSE;FALSE;26.91;"USD";6;0;FALSE;13675;0;0;0;0;0;5470;"Worldwide Freight";0.02
"Voyage Charter";"Gothenburg";3;"Kamsar";3;13084;0;"Grain";FALSE;TRUE;FALSE;7.84;"USD";0;0;TRUE;13675;0.05;0;0;0;0;5470;"BYFCP";0.05
"Voyage Charter";"New York";3;"Portland";10;101106;0;"Steel Products";FALSE;FALSE;FALSE;10.91;"USD";0;8;FALSE;19208;0.31;0;0;0;0;7683;"McCorran Freight";0.03
"Voyage Charter";"Odessa";3;"Tallinn";11;76641;0;"Coal";TRUE;TRUE;FALSE;6;"USD";0;53;FALSE;19855;0.33;0;0;0;0;7942;"Worldwide Freight";0.01
"Voyage Charter";"Corpus Christi";3;"Rio Grande";7;97038;0;"Agribulk";FALSE;FALSE;FALSE;11.13;"USD";0;26;FALSE;17058;0.26;0;0;0;0;6823;"Crafters Group";0.04
"Voyage Charter";"Rotterdam";3;"Portland";10;158421;0;"Steel Products";FALSE;FALSE;FALSE;6.84;"USD";0;11;FALSE;16490;0.34;0;0;0;0;6596;"McCorran Freight";0.01
"Voyage Charter";"Dalian";4;"Gothenburg";10;71591;0;"Iron Ore";FALSE;TRUE;FALSE;18.41;"USD";0;5;TRUE;19855;0.35;0;0;0;0;7942;"Omega Forwarding";0.05
"Voyage Charter";"Tubarao";4;"Marseille";6;37261;0;"Minor Ores";FALSE;FALSE;FALSE;17.5;"USD";0;2;FALSE;17550;0.29;0;0;0;0;7020;"Great Eagle Tranport Services";0.05
"Voyage Charter";"Hai Phong";4;"Jeddah";6;56927;0;"Manufactureds";FALSE;FALSE;FALSE;17.24;"USD";0;12;TRUE;19855;0.27;0;0;0;0;7942;"Bosman Freight Forwarders";0.01
"Contract Of Affreightment";"Pasir Gudang";4;"Chiba";53;73077;1;"Coal";FALSE;FALSE;FALSE;0;"USD";9;0;FALSE;19855;0;0;0;0;0;7942;"McCorran Freight";0.05
"Voyage Charter";"Dampier";4;"Mina Saqr";4;27927;0;"Iron Ore";FALSE;FALSE;FALSE;1.2;"USD";0;4;FALSE;15033;0.43;0;0;0;0;6013;"Blue Mountain Logistics";0.02
"Voyage Charter";"Corpus Christi";4;"New York";3;42258;0;"Coal";FALSE;FALSE;FALSE;9.21;"USD";0;12;FALSE;17550;0.13;0;0;0;0;7020;"ABC Logisitcs";0.05
"Voyage Charter";"Rotterdam";4;"Hamburg";1;7703;0;"Agribulk";FALSE;FALSE;FALSE;34.99;"USD";0;6;FALSE;13675;0.23;0;0;0;0;5470;"Worldwide Freight";0.04
"Contract Of Affreightment";"Chiba";4;"Corpus Christi";56;206266;9;"Steel Products";FALSE;FALSE;FALSE;8.67;"USD";32;0;TRUE;23780;0;0;0;0;0;9512;"Bosman Freight Forwarders";0.03
"Contract Of Affreightment";"Richards Bay";4;"Dunkirk";54;90922;12;"Coal";FALSE;FALSE;FALSE;10.23;"USD";21;0;TRUE;19430;0;0;0;0;0;7772;"ABC Logisitcs";0.05
"Voyage Charter";"Antwerp";4;"Marseille";2;46746;0;"Agribulk";FALSE;FALSE;FALSE;8;"USD";0;4;FALSE;15895;0.17;0;0;0;0;6358;"ABC Logisitcs";0.03
"Voyage Charter";"Gothenburg";4;"Rotterdam";1;15179;0;"Iron Ore";FALSE;TRUE;FALSE;15;"USD";0;5;FALSE;14710;0.15;0;0;0;0;5884;"Continental Maritime";0.02
"Voyage Charter";"Tallinn";4;"Richards Bay";6;12903;0;"Agribulk";FALSE;TRUE;FALSE;19;"USD";0;4;TRUE;14710;0.29;0;0;0;0;5884;"Worldwide Freight";0.02
"Voyage Charter";"Chiba";4;"Corpus Christi";12;104238;0;"Steel Products";FALSE;FALSE;FALSE;13.77;"USD";0;20;TRUE;24253;0.07;0;0;0;0;9701;"Omega Forwarding";0.02
"Voyage Charter";"Corpus Christi";4;"Portland";12;130926;0;"Coal";FALSE;FALSE;FALSE;11.38;"USD";0;25;TRUE;17475;0.44;0;0;0;0;6990;"McCorran Freight";0.03
"Voyage Charter";"Shanghai";4;"Odessa";20;121000;0;"Alumina";TRUE;TRUE;FALSE;14.99;"USD";0;75;FALSE;19430;0.03;0;0;0;0;7772;"Omega Forwarding";0.05
"Voyage Charter";"Gothenburg";4;"Gijon";2;60239;0;"Coal";FALSE;TRUE;FALSE;2;"USD";0;0;FALSE;15895;0.01;0;0;0;0;6358;"Great Eagle Tranport Services";0.01
"Voyage Charter";"Dalian";4;"Alexandria";12;26192;0;"Agribulk";TRUE;FALSE;FALSE;17.91;"USD";0;26;FALSE;20220;0.21;0;0;0;0;8088;"Great Eagle Tranport Services";0.04
"Voyage Charter";"Chiba";4;"Tallinn";11;94627;0;"Minor Ores";FALSE;TRUE;FALSE;17.57;"USD";0;8;FALSE;24253;0.24;0;0;0;0;9701;"Worldwide Freight";0.04
"Voyage Charter";"Shanghai";4;"Corpus Christi";14;87614;0;"Manufactureds";FALSE;FALSE;FALSE;19.86;"USD";0;30;TRUE;15200;0.01;0;0;0;0;6080;"McCorran Freight";0.01
"Contract Of Affreightment";"Rotterdam";5;"Walvis Bay";54;36167;12;"Agribulk";FALSE;FALSE;FALSE;18.16;"USD";9;0;TRUE;17550;0;0;0;0;0;7020;"Brauner International";0.01
"Voyage Charter";"Rotterdam";5;"Dunkirk";1;18859;0;"Coal";FALSE;FALSE;FALSE;13.49;"USD";0;-2;FALSE;15033;0.5;0;0;0;0;6013;"Worldwide Freight";0.03
"Voyage Charter";"New York";5;"Corpus Christi";3;19882;0;"Manufactureds";FALSE;FALSE;FALSE;0.5;"USD";0;10;FALSE;17550;0.13;0;0;0;0;7020;"ABC Logisitcs";0.04
"Voyage Charter";"Tallinn";5;"Odessa";8;32479;0;"Agribulk";TRUE;TRUE;FALSE;13.32;"USD";0;32;FALSE;17550;0.05;0;0;0;0;7020;"Worldwide Freight";0.04
"Voyage Charter";"Antwerp";5;"Rotterdam";1;7449;0;"Steel Products";FALSE;FALSE;FALSE;15;"USD";0;4;TRUE;11150;0.12;0;0;0;0;4460;"Bosman Freight Forwarders";0.04
"Voyage Charter";"Wilhelmshaven";5;"Rotterdam";1;8505;0;"Coal";FALSE;FALSE;FALSE;25.96;"USD";0;5;TRUE;11150;0.39;0;0;0;0;4460;"Brauner International";0.03
"Voyage Charter";"Marseille";5;"Rotterdam";2;18095;0;"Agribulk";FALSE;FALSE;FALSE;17;"USD";0;6;TRUE;14710;0.14;0;0;0;0;5884;"ABC Logisitcs";0.01
"Voyage Charter";"Guangzhou";5;"Antwerp";10;124777;0;"Alumina";FALSE;FALSE;FALSE;11.65;"USD";0;8;TRUE;19430;0.02;0;0;0;0;7772;"Brauner International";0.01
"Voyage Charter";"New York";5;"Portland";10;86255;0;"Manufactureds";FALSE;FALSE;FALSE;13.9;"USD";0;10;FALSE;16455;0.47;0;0;0;0;6582;"ABC Logisitcs";0.02
"Voyage Charter";"Tubarao";5;"Rio Grande";3;10540;0;"Iron Ore";FALSE;FALSE;FALSE;31.32;"USD";0;8;FALSE;11150;0.1;0;0;0;0;4460;"Crafters Group";0.05
"Voyage Charter";"Rotterdam";5;"Antwerp";1;13968;0;"Steel Products";FALSE;FALSE;FALSE;5;"USD";0;5;FALSE;11150;0.01;0;0;0;0;4460;"Worldwide Freight";0.02
"Contract Of Affreightment";"Portland";5;"Jeddah";53;55604;6;"Manufactureds";FALSE;FALSE;FALSE;26.23;"USD";10;0;TRUE;21018;0;0;0;0;0;8407;"Bosman Freight Forwarders";0.05
"Voyage Charter";"Rotterdam";5;"Marseille";3;60884;0;"Minor Ores";FALSE;FALSE;FALSE;6;"USD";0;8;FALSE;16840;0.47;0;0;0;0;6736;"Worldwide Freight";0.05
"Voyage Charter";"Hamburg";5;"Odessa";8;33329;0;"Manufactureds";TRUE;TRUE;FALSE;10.31;"USD";0;38;FALSE;19470;0.06;0;0;0;0;7788;"Bosman Freight Forwarders";0.02
"Voyage Charter";"Incheon";5;"Mina Saqr";5;44139;0;"Grain";FALSE;FALSE;FALSE;20;"USD";0;13;TRUE;19470;0.21;0;0;0;0;7788;"Omega Forwarding";0.02
"Voyage Charter";"New York";5;"Corpus Christi";3;23136;0;"Steel Products";FALSE;FALSE;FALSE;12.84;"USD";0;11;FALSE;14763;0.19;0;0;0;0;5905;"McCorran Freight";0.04
"Voyage Charter";"Corpus Christi";5;"Antwerp";6;39727;0;"Manufactureds";FALSE;FALSE;FALSE;18;"USD";0;17;TRUE;16840;0.47;0;0;0;0;6736;"ABC Logisitcs";0.02
"Voyage Charter";"Incheon";5;"Kashima";3;16894;0;"Woodproducts";FALSE;FALSE;FALSE;13;"USD";0;7;FALSE;14763;0.37;0;0;0;0;5905;"Omega Forwarding";0.01
"Voyage Charter";"Rotterdam";5;"Marseille";2;38251;0;"Steel Products";FALSE;FALSE;FALSE;12;"USD";0;7;TRUE;19470;0.02;0;0;0;0;7788;"Brauner International";0.04
"Voyage Charter";"Rotterdam";5;"Kamsar";3;23290;0;"Steel Products";FALSE;FALSE;FALSE;7.873;"USD";0;6;FALSE;14763;0.27;0;0;0;0;5905;"Bosman Freight Forwarders";0.01
"Voyage Charter";"Corpus Christi";5;"San Antonio";8;66480;0;"Fertilizers";FALSE;FALSE;FALSE;5;"USD";0;19;TRUE;16840;0.05;0;0;0;0;6736;"McCorran Freight";0.02
"Voyage Charter";"Shanghai";5;"Mina Saqr";6;27546;0;"Manufactureds";FALSE;FALSE;FALSE;30;"USD";0;14;FALSE;19470;0.17;0;0;0;0;7788;"Cargo Excellence";0.03
"Voyage Charter";"Gijon";5;"Kamsar";2;18402;0;"Steel Products";FALSE;FALSE;FALSE;13;"USD";0;6;TRUE;14763;0.38;0;0;0;0;5905;"Bosman Freight Forwarders";0.02
"Voyage Charter";"Corpus Christi";5;"New York";3;21897;0;"Coal";FALSE;FALSE;FALSE;12;"USD";0;11;FALSE;14763;0.42;0;0;0;0;5905;"McCorran Freight";0.03
"Voyage Charter";"New York";5;"Corpus Christi";4;34473;0;"Manufactureds";FALSE;FALSE;FALSE;13.89;"USD";0;15;FALSE;19470;0.02;0;0;0;0;7788;"Bosman Freight Forwarders";0.03
"Voyage Charter";"Corpus Christi";5;"New York";3;22971;0;"Coal";FALSE;FALSE;FALSE;12;"USD";0;11;FALSE;14763;0.21;0;0;0;0;5905;"ABC Logisitcs";0.01
"Voyage Charter";"Marseille";6;"Nouadhibou";4;10548;0;"Agribulk";FALSE;FALSE;FALSE;26.45;"USD";0;7;TRUE;13675;0.46;0;0;0;0;5470;"Great Eagle Tranport Services";0.04
"Voyage Charter";"Gdansk";6;"Cape Town";6;10635;0;"Manufactureds";FALSE;TRUE;FALSE;23.34;"EUR";0;5;TRUE;15033;0.27;0;0;0;0;6013;"Worldwide Freight";0.04
"Contract Of Affreightment";"Corpus Christi";6;"New York";53;37508;7;"Grain";FALSE;FALSE;FALSE;9.72;"USD";12;0;TRUE;17550;0;0;0;0;0;7020;"ABC Logisitcs";0.05
"Voyage Charter";"Rotterdam";6;"Marseille";2;22019;0;"Minor Ores";FALSE;FALSE;FALSE;1;"USD";0;7;TRUE;15033;0.5;0;0;0;0;6013;"Great Eagle Tranport Services";0.05
"Voyage Charter";"Izmir";6;"Hamburg";3;39866;0;"Manufactureds";FALSE;FALSE;FALSE;8;"USD";0;-1;TRUE;16750;0.14;0;0;0;0;6700;"Brauner International";0.01
"Voyage Charter";"Rotterdam";6;"Izmir";4;55833;0;"Minor Ores";FALSE;FALSE;FALSE;11.49;"USD";0;7;FALSE;16750;0.3;0;0;0;0;6700;"Great Eagle Tranport Services";0.04
"Voyage Charter";"Antwerp";6;"New York";4;68135;0;"Steel Products";FALSE;FALSE;FALSE;12.76;"USD";0;8;FALSE;16750;0.05;0;0;0;0;6700;"McCorran Freight";0.04
"Voyage Charter";"Tallinn";6;"Odessa";8;50115;0;"Steel Products";TRUE;TRUE;FALSE;12.32;"USD";0;40;TRUE;17550;0.07;0;0;0;0;7020;"Worldwide Freight";0.05
"Voyage Charter";"Rotterdam";6;"Hamburg";1;6490;0;"Agribulk";FALSE;FALSE;FALSE;17;"USD";0;5;FALSE;11150;0.1;0;0;0;0;4460;"Worldwide Freight";0.05
"Voyage Charter";"Pasir Gudang";6;"Corpus Christi";11;161965;0;"Steel Products";FALSE;FALSE;FALSE;10.81;"USD";0;28;FALSE;15953;0.44;0;0;0;0;6381;"McCorran Freight";0.05
"Voyage Charter";"Dunkirk";6;"Antwerp";1;4744;0;"Alumina";FALSE;FALSE;FALSE;21;"USD";0;2;FALSE;11353;0.09;0;0;0;0;4541;"Mann Global Logistics";0.04
"Voyage Charter";"Melbourne";6;"Kolkata";6;84310;0;"Minor Ores";FALSE;FALSE;FALSE;14.11;"USD";0;16;TRUE;17888;0.31;0;0;0;0;7155;"Continental Maritime";0.04
"Voyage Charter";"New York";6;"Corpus Christi";3;43151;0;"Grain";FALSE;FALSE;FALSE;7.9;"USD";0;3;FALSE;20578;0.37;0;0;0;0;8231;"Intercargo Services";0.05
"Voyage Charter";"Antwerp";6;"Gothenburg";1;5493;0;"Project";FALSE;TRUE;FALSE;23.93;"USD";0;6;TRUE;15420;0.44;0;0;0;0;6168;"ABC Logisitcs";0.05
"Voyage Charter";"Marseille";6;"New York";4;26738;0;"Project";FALSE;FALSE;FALSE;23.03;"USD";0;10;TRUE;16128;0.32;0;0;0;0;6451;"Great Eagle Tranport Services";0.03
"Voyage Charter";"Guangzhou";6;"Dampier";3;10441;0;"Project";FALSE;FALSE;FALSE;46;"USD";0;6;TRUE;20578;0.1;0;0;0;0;8231;"Blue Mountain Logistics";0.05
"Voyage Charter";"Antwerp";6;"Marseille";3;23790;0;"Project";FALSE;FALSE;FALSE;24.98;"USD";0;9;TRUE;17888;0.32;0;0;0;0;7155;"Great Eagle Tranport Services";0.02
"Voyage Charter";"Portland";6;"Rotterdam";10;119580;0;"Minor Ores";FALSE;FALSE;FALSE;7.55;"USD";0;9;TRUE;16128;0.01;0;0;0;0;6451;"ABC Logisitcs";0.05
"Voyage Charter";"Mina Saqr";6;"Mina Qaboos";2;6363;0;"Steel Products";FALSE;FALSE;FALSE;12.55;"USD";0;7;FALSE;11093;0.31;0;0;0;0;4437;"Bosman Freight Forwarders";0.04
"Voyage Charter";"Marseille";6;"Gijon";3;16332;0;"Minor Ores";FALSE;FALSE;FALSE;7.5;"USD";0;6;TRUE;15420;0.32;0;0;0;0;6168;"Continental Maritime";0.02
"Voyage Charter";"Rotterdam";6;"Wilhelmshaven";1;4733;0;"Woodproducts";FALSE;FALSE;FALSE;26.09;"USD";0;5;TRUE;11093;0.36;0;0;0;0;4437;"ABC Logisitcs";0.04
"Voyage Charter";"Corpus Christi";6;"New York";3;17572;0;"Bauxite";FALSE;FALSE;FALSE;12.67;"USD";0;10;FALSE;15420;0.06;0;0;0;0;6168;"Mann Global Logistics";0.04
"Voyage Charter";"Odessa";7;"Gothenburg";8;41161;0;"Coal";TRUE;TRUE;FALSE;11.88;"THB";0;32;FALSE;17550;0.13;0;0;0;0;7020;"Worldwide Freight";0.02
"Contract Of Affreightment";"San Antonio";7;"Tallinn";53;33213;1;"Minor Ores";FALSE;TRUE;FALSE;23.58;"USD";13;0;FALSE;17550;0;0;0;0;0;7020;"Crafters Group";0.04
"Voyage Charter";"Rotterdam";7;"Hamburg";1;4327;0;"Agribulk";FALSE;FALSE;FALSE;25;"USD";0;-2;TRUE;13675;0.32;0;0;0;0;5470;"Worldwide Freight";0.04
"Voyage Charter";"Wilhelmshaven";7;"Corpus Christi";6;99921;0;"Steel Products";FALSE;FALSE;FALSE;13.56;"USD";0;19;FALSE;19208;0.01;0;0;0;0;7683;"Bosman Freight Forwarders";0.03
"Voyage Charter";"Dunkirk";7;"Hamburg";1;9567;0;"Manufactureds";FALSE;FALSE;FALSE;35;"USD";0;1;FALSE;13675;0.14;0;0;0;0;5470;"Bosman Freight Forwarders";0.04
"Voyage Charter";"San Vicente";7;"New York";6;121031;0;"Woodproducts";FALSE;FALSE;FALSE;7.65;"USD";0;11;TRUE;19430;0.29;0;0;0;0;7772;"Intercargo Services";0.03
"Voyage Charter";"Dalian";7;"Rotterdam";10;76711;0;"Iron Ore";FALSE;FALSE;FALSE;16.43;"USD";0;6;TRUE;19373;0.47;0;0;0;0;7749;"Continental Maritime";0.01
"Voyage Charter";"Chiba";7;"Marseille";10;135384;0;"Minor Ores";FALSE;FALSE;FALSE;12.3;"USD";0;9;FALSE;16455;0.26;0;0;0;0;6582;"Continental Maritime";0.03
"Contract Of Affreightment";"Pasir Gudang";7;"Shanghai";53;27531;4;"Agribulk";FALSE;FALSE;FALSE;15.69;"USD";8;0;FALSE;19470;0;0;0;0;0;7788;"Blue Mountain Logistics";0.04
"Voyage Charter";"Chiba";7;"Corpus Christi";14;86583;0;"Manufactureds";FALSE;FALSE;FALSE;18;"USD";0;25;TRUE;15953;0.37;0;0;0;0;6381;"Bosman Freight Forwarders";0.04
"Voyage Charter";"Rotterdam";7;"Hamburg";1;14771;0;"Manufactureds";FALSE;FALSE;FALSE;26.28;"USD";0;7;TRUE;14763;0;0;0;0;0;5905;"Brauner International";0.04
"Voyage Charter";"Marseille";7;"Gdansk";4;56939;0;"Agribulk";FALSE;TRUE;FALSE;7;"USD";0;9;FALSE;21018;0.05;0;0;0;0;8407;"Great Eagle Tranport Services";0.02
"Voyage Charter";"Hamburg";7;"Dunkirk";1;10459;0;"Steam Coal";FALSE;FALSE;FALSE;30.3;"USD";0;5;FALSE;11093;0.15;0;0;0;0;4437;"Worldwide Freight";0.02
"Voyage Charter";"Tubarao";7;"Shanghai";8;68000;0;"Steam Coal";FALSE;FALSE;FALSE;17.15;"USD";0;10;FALSE;15730;0.39;0;0;0;0;6292;"Omega Forwarding";0.03
"Voyage Charter";"Shanghai";7;"Corpus Christi";13;79762;0;"Manufactureds";FALSE;FALSE;FALSE;16.6;"USD";0;27;TRUE;15923;0.37;0;0;0;0;6369;"ABC Logisitcs";0.02
"Voyage Charter";"Chiba";7;"Corpus Christi";12;97446;0;"Steel Products";FALSE;FALSE;FALSE;12.22;"USD";0;19;TRUE;17365;0.1;0;0;0;0;6946;"ABC Logisitcs";0.05
"Voyage Charter";"Rotterdam";7;"Marseille";2;19553;0;"Steam Coal";FALSE;FALSE;FALSE;10;"USD";0;2;FALSE;15420;0.27;0;0;0;0;6168;"ABC Logisitcs";0.03
"Voyage Charter";"Chiba";7;"Rotterdam";9;73714;0;"Steel Products";FALSE;FALSE;FALSE;10;"USD";0;4;FALSE;18265;0.13;0;0;0;0;7306;"Omega Forwarding";0.05
"Voyage Charter";"Tubarao";7;"Antwerp";5;42027;0;"Steel Products";FALSE;FALSE;FALSE;6;"USD";0;8;TRUE;20765;0.04;0;0;0;0;8306;"ABC Logisitcs";0.02
"Voyage Charter";"Marseille";7;"Rotterdam";2;32959;0;"Iron Ore";FALSE;FALSE;FALSE;5;"USD";0;6;TRUE;20765;0.01;0;0;0;0;8306;"Great Eagle Tranport Services";0.03
"Voyage Charter";"Tubarao";7;"Ensenada";8;38726;0;"Manufactureds";FALSE;FALSE;FALSE;19.93;"USD";0;16;TRUE;16150;0.42;0;0;0;0;6460;"Bosman Freight Forwarders";0.01
"Voyage Charter";"Marseille";7;"New York";4;62652;0;"Minor Ores";FALSE;FALSE;FALSE;4;"USD";0;7;FALSE;16150;0.07;0;0;0;0;6460;"Continental Maritime";0.04
"Voyage Charter";"Rostock";7;"Rotterdam";3;18436;0;"Fertilizers";TRUE;TRUE;FALSE;15;"USD";0;20;TRUE;15228;0.08;0;0;0;0;6091;"Brauner International";0.03
"Voyage Charter";"Kamsar";7;"Port-Gentil";3;14000;0;"Steam Coal";FALSE;FALSE;FALSE;9.65;"USD";0;9;TRUE;11025;0.05;0;0;0;0;4410;"Allseas Cargo";0.04
"Voyage Charter";"Marseille";7;"Dunkirk";2;23565;0;"Minor Ores";FALSE;FALSE;FALSE;17.75;"USD";0;6;TRUE;15228;0.13;0;0;0;0;6091;"Brauner International";0.01
"Voyage Charter";"Dalian";7;"Ensenada";7;61764;0;"Manufactureds";FALSE;FALSE;FALSE;3;"USD";0;22;TRUE;15068;0.08;0;0;0;0;6027;"Omega Forwarding";0.04
"Voyage Charter";"New York";7;"Corpus Christi";4;67312;0;"Agribulk";FALSE;FALSE;FALSE;20.75;"USD";0;18;TRUE;18265;0.31;0;0;0;0;7306;"McCorran Freight";0.03
"Voyage Charter";"Dalian";8;"Corpus Christi";12;52434;0;"Manufactureds";FALSE;FALSE;FALSE;17.45;"USD";0;19;FALSE;19208;0.1;0;0;0;0;7683;"Bosman Freight Forwarders";0.02
"Voyage Charter";"Ensenada";8;"Portland";2;15727;0;"Manufactureds";FALSE;FALSE;FALSE;18.29;"USD";0;10;FALSE;14710;0.1;0;0;0;0;5884;"Bosman Freight Forwarders";0.03
"Voyage Charter";"Chiba";8;"Guangzhou";2;22873;0;"Steel Products";FALSE;FALSE;FALSE;19.4;"USD";0;5;TRUE;14710;0.34;0;0;0;0;5884;"Omega Forwarding";0.03
"Contract Of Affreightment";"Corpus Christi";8;"New York";53;16438;12;"Grain";FALSE;FALSE;FALSE;13.33;"USD";10;0;TRUE;14763;0;0;0;0;0;5905;"ABC Logisitcs";0.03
"Voyage Charter";"New York";8;"Rotterdam";3;32389;0;"Agribulk";FALSE;FALSE;FALSE;14;"USD";0;7;FALSE;19470;0.09;0;0;0;0;7788;"Worldwide Freight";0.01
"Voyage Charter";"New York";8;"Ensenada";11;85928;0;"Manufactureds";FALSE;FALSE;FALSE;18.3;"USD";0;26;TRUE;16218;0.48;0;0;0;0;6487;"Bosman Freight Forwarders";0.03
"Voyage Charter";"Rostock";8;"Kolkata";13;51459;0;"Minor Ores";TRUE;TRUE;FALSE;12;"USD";0;40;FALSE;19470;0.08;0;0;0;0;7788;"Cargo Excellence";0.02
"Voyage Charter";"Gothenburg";8;"Marseille";3;14368;0;"Manufactureds";FALSE;TRUE;FALSE;10;"USD";0;7;FALSE;15420;0.31;0;0;0;0;6168;"Great Eagle Tranport Services";0.04
"Voyage Charter";"New York";8;"Nouadhibou";4;59231;0;"Agribulk";FALSE;FALSE;FALSE;8;"USD";0;9;FALSE;18265;0.13;0;0;0;0;7306;"ABC Logisitcs";0.01
"Voyage Charter";"Marseille";8;"Rotterdam";2;18728;0;"Agribulk";FALSE;FALSE;FALSE;10;"USD";0;6;TRUE;15228;0.22;0;0;0;0;6091;"Worldwide Freight";0.03
"Voyage Charter";"Marseille";8;"Rotterdam";2;34189;0;"Iron Ore";FALSE;FALSE;FALSE;1;"USD";0;6;TRUE;20765;0.26;0;0;0;0;8306;"Worldwide Freight";0.02
"Voyage Charter";"Corpus Christi";8;"Hamburg";5;36182;0;"Coal";FALSE;FALSE;FALSE;6;"USD";0;11;FALSE;20765;0.37;0;0;0;0;8306;"Allseas Cargo";0.02
"Voyage Charter";"San Antonio";8;"Corpus Christi";9;50678;0;"Manufactureds";FALSE;FALSE;FALSE;21.57;"USD";0;18;TRUE;18265;0.34;0;0;0;0;7306;"ABC Logisitcs";0.01
"Voyage Charter";"Incheon";8;"Corpus Christi";14;206266;0;"Steel Products";FALSE;FALSE;FALSE;12.35;"USD";0;32;TRUE;22503;0.17;0;0;0;0;9001;"ABC Logisitcs";0.04
"Voyage Charter";"Shanghai";8;"Gdansk";12;67851;0;"Manufactureds";FALSE;TRUE;FALSE;34.9;"USD";0;15;FALSE;22503;0.48;0;0;0;0;9001;"Worldwide Freight";0.05
"Voyage Charter";"Gdansk";8;"Marseille";4;33924;0;"Bauxite";FALSE;TRUE;FALSE;10.1;"USD";0;7;FALSE;17598;0.08;0;0;0;0;7039;"Worldwide Freight";0.03
"Voyage Charter";"Rotterdam";8;"Antwerp";1;7180;0;"Steel Products";FALSE;FALSE;FALSE;14.79;"USD";0;4;FALSE;13498;0.36;0;0;0;0;5399;"Bosman Freight Forwarders";0.04
"Voyage Charter";"Tubarao";8;"Izmir";5;75468;0;"Iron Ore";FALSE;FALSE;FALSE;12.5;"USD";0;10;FALSE;19760;0.4;0;0;0;0;7904;"Continental Maritime";0.04
"Voyage Charter";"Tallinn";8;"New York";4;30136;0;"Steel Products";FALSE;TRUE;FALSE;9.73;"USD";0;6;FALSE;17598;0;0;0;0;0;7039;"ABC Logisitcs";0.04
"Voyage Charter";"Chiba";8;"Mina Saqr";6;96980;0;"Bauxite";FALSE;FALSE;FALSE;13.9;"USD";0;19;FALSE;19885;0.18;0;0;0;0;7954;"Omega Forwarding";0.01
"Voyage Charter";"Corpus Christi";8;"Portland";13;130926;0;"Coal";FALSE;FALSE;FALSE;11.57;"USD";0;26;FALSE;16880;0.16;0;0;0;0;6752;"ABC Logisitcs";0.01
"Voyage Charter";"Corpus Christi";8;"Incheon";13;57662;0;"Manufactureds";FALSE;FALSE;FALSE;20.12;"USD";0;21;FALSE;19885;0.16;0;0;0;0;7954;"Bosman Freight Forwarders";0.04
"Voyage Charter";"Incheon";8;"New York";10;137951;0;"Steel Products";FALSE;FALSE;FALSE;8.89;"USD";0;10;FALSE;16948;0.48;0;0;0;0;6779;"Bosman Freight Forwarders";0.01
"Voyage Charter";"Gothenburg";8;"Nouadhibou";4;24143;0;"Grain";FALSE;TRUE;FALSE;10.63;"USD";0;8;TRUE;14935;0.44;0;0;0;0;5974;"Great Eagle Tranport Services";0.03
"Voyage Charter";"Rotterdam";9;"Gothenburg";2;7636;0;"Iron Ore";FALSE;TRUE;FALSE;30.34;"USD";0;5;FALSE;13675;0.49;0;0;0;0;5470;"Continental Maritime";0.05
"Voyage Charter";"Rotterdam";9;"Antwerp";2;7537;0;"Steel Products";FALSE;FALSE;FALSE;19;"USD";0;6;TRUE;13675;0.39;0;0;0;0;5470;"Worldwide Freight";0.04
"Voyage Charter";"Corpus Christi";9;"New York";3;33028;0;"Grain";FALSE;FALSE;FALSE;0.5;"USD";0;11;TRUE;17550;0.23;0;0;0;0;7020;"Intercargo Services";0.01
"Voyage Charter";"Batumi";9;"Izmir";2;6771;0;"Manufactureds";FALSE;TRUE;FALSE;38.39;"USD";0;9;FALSE;13675;0;0;0;0;0;5470;"Great Eagle Tranport Services";0.05
"Voyage Charter";"Chiba";9;"San Antonio";8;74221;0;"Agribulk";FALSE;FALSE;FALSE;20.08;"USD";0;21;FALSE;19208;0.1;0;0;0;0;7683;"McCorran Freight";0.01
"Voyage Charter";"Hamburg";9;"Rotterdam";1;8381;0;"Fertilizers";FALSE;FALSE;FALSE;23;"USD";0;6;FALSE;13675;0.28;0;0;0;0;5470;"Brauner International";0.02
"Voyage Charter";"New York";9;"Corpus Christi";4;39718;0;"Manufactureds";FALSE;FALSE;FALSE;14.24;"USD";0;15;TRUE;15895;0.03;0;0;0;0;6358;"Bosman Freight Forwarders";0.03
"Voyage Charter";"Richards Bay";9;"Mina Saqr";5;61427;0;"Bauxite";FALSE;FALSE;FALSE;10.36;"USD";0;17;FALSE;15895;0.22;0;0;0;0;6358;"Mann Global Logistics";0.03
"Voyage Charter";"Gdansk";9;"Marseille";3;26614;0;"Agribulk";FALSE;TRUE;FALSE;8.5;"USD";0;6;FALSE;20220;0.17;0;0;0;0;8088;"Great Eagle Tranport Services";0.02
"Voyage Charter";"Corpus Christi";9;"New York";3;33377;0;"Coal";FALSE;FALSE;FALSE;9.13;"USD";0;11;TRUE;20220;0.18;0;0;0;0;8088;"ABC Logisitcs";0.03
"Voyage Charter";"Hai Phong";9;"Jeddah";4;19773;0;"Manufactureds";FALSE;FALSE;FALSE;16.59;"USD";0;6;FALSE;19470;0.2;0;0;0;0;7788;"Blue Mountain Logistics";0.05
"Voyage Charter";"Antwerp";9;"Corpus Christi";6;80619;0;"Steel Products";FALSE;FALSE;FALSE;9.82;"USD";0;18;TRUE;17888;0.24;0;0;0;0;7155;"Bosman Freight Forwarders";0.04
"Voyage Charter";"Incheon";9;"New York";11;100618;0;"Coal";FALSE;FALSE;FALSE;6;"USD";0;11;TRUE;28960;0.32;0;0;0;0;11584;"Omega Forwarding";0.05
"Voyage Charter";"Gothenburg";9;"Gijon";3;43439;0;"Minor Ores";FALSE;TRUE;FALSE;3;"USD";0;9;TRUE;20765;0.17;0;0;0;0;8306;"Great Eagle Tranport Services";0.01
"Voyage Charter";"Tubarao";9;"Dunkirk";3;41163;0;"Iron Ore";FALSE;FALSE;FALSE;7;"USD";0;7;FALSE;20765;0.13;0;0;0;0;8306;"Brauner International";0.01
"Voyage Charter";"Gdansk";9;"New York";4;24411;0;"Agribulk";FALSE;TRUE;FALSE;15;"EUR";0;7;FALSE;20765;0.07;0;0;0;0;8306;"ABC Logisitcs";0.04
"Contract Of Affreightment";"Marseille";9;"Karachi";53;89000;7;"Minor Ores";FALSE;FALSE;FALSE;14.69;"USD";8;0;TRUE;19760;0;0;0;0;0;7904;"Great Eagle Tranport Services";0.01
"Voyage Charter";"Rotterdam";9;"Marseille";2;28319;0;"Bauxite";FALSE;FALSE;FALSE;13.97;"USD";0;6;FALSE;17598;0.44;0;0;0;0;7039;"ABC Logisitcs";0.04
"Voyage Charter";"Antwerp";9;"Dunkirk";1;4893;0;"Iron Ore";FALSE;FALSE;FALSE;21.91;"USD";0;4;FALSE;13498;0.29;0;0;0;0;5399;"Continental Maritime";0.01
"Voyage Charter";"Pasir Gudang";9;"Hai Phong";3;26340;0;"Manufactureds";FALSE;FALSE;FALSE;14.09;"USD";0;8;TRUE;17598;0.44;0;0;0;0;7039;"Bosman Freight Forwarders";0.04
"Voyage Charter";"San Vicente";9;"Marseille";7;54877;0;"Alumina";FALSE;FALSE;FALSE;17.42;"USD";0;8;TRUE;16630;0.42;0;0;0;0;6652;"Crafters Group";0.03
"Contract Of Affreightment";"Antwerp";9;"Marseille";52;21587;12;"Alumina";FALSE;FALSE;FALSE;22.25;"USD";5;0;TRUE;14578;0;0;0;0;0;5831;"Great Eagle Tranport Services";0.02
"Voyage Charter";"Dalian";9;"Marseille";10;131840;0;"Fertilizers";FALSE;FALSE;FALSE;12.39;"USD";0;8;TRUE;16950;0.25;0;0;0;0;6780;"Omega Forwarding";0.01
"Voyage Charter";"Chiba";9;"New York";11;84738;0;"Steel Products";FALSE;FALSE;FALSE;3.2;"USD";0;7;TRUE;20015;0.5;0;0;0;0;8006;"McCorran Freight";0.03
"Voyage Charter";"Rotterdam";9;"Gothenburg";1;13718;0;"Agribulk";FALSE;TRUE;FALSE;16;"USD";0;5;FALSE;14578;0.03;0;0;0;0;5831;"ABC Logisitcs";0.02
"Voyage Charter";"Pasir Gudang";9;"Corpus Christi";10;46949;0;"Manufactureds";FALSE;FALSE;FALSE;9.9;"USD";0;16;FALSE;20015;0.28;0;0;0;0;8006;"Bosman Freight Forwarders";0.05
"Voyage Charter";"Izmir";9;"Rotterdam";2;41100;0;"Coal";FALSE;FALSE;FALSE;3.4;"USD";0;6;TRUE;19215;0.34;0;0;0;0;7686;"Allseas Cargo";0.05
"Voyage Charter";"Shanghai";9;"Odessa";19;85397;0;"Coal";TRUE;TRUE;FALSE;5.4;"USD";0;67;TRUE;19025;0.23;0;0;0;0;7610;"Allseas Cargo";0.02
"Voyage Charter";"Odessa";9;"Batumi";5;25346;0;"Steel Products";TRUE;TRUE;FALSE;9.9;"USD";0;31;TRUE;14578;0.37;0;0;0;0;5831;"Bosman Freight Forwarders";0.03
"Voyage Charter";"Dunkirk";9;"Rotterdam";1;11803;0;"Iron Ore";FALSE;FALSE;FALSE;9.9;"USD";0;4;FALSE;11068;0.01;0;0;0;0;4427;"Brauner International";0.03
"Voyage Charter";"Pasir Gudang";9;"New York";9;37736;0;"Manufactureds";FALSE;FALSE;FALSE;9.9;"USD";0;9;TRUE;15875;0.26;0;0;0;0;6350;"McCorran Freight";0.04
"Voyage Charter";"Antwerp";9;"Odessa";6;30197;0;"Steel Products";TRUE;TRUE;FALSE;6.7;"USD";0;25;TRUE;19215;0.23;0;0;0;0;7686;"ABC Logisitcs";0.01
"Voyage Charter";"Antwerp";9;"Corpus Christi";6;85403;0;"Steel Products";FALSE;FALSE;FALSE;7.66;"USD";0;18;FALSE;20015;0.42;0;0;0;0;8006;"ABC Logisitcs";0.03
"Voyage Charter";"Tanger";9;"Marseille";2;14294;0;"Alumina";FALSE;FALSE;FALSE;5.6;"USD";0;8;TRUE;14578;0.39;0;0;0;0;5831;"Mann Global Logistics";0.01
"Voyage Charter";"San Antonio";9;"Kolkata";8;30345;0;"Agribulk";FALSE;FALSE;FALSE;9.9;"USD";0;12;FALSE;19215;0.41;0;0;0;0;7686;"Crafters Group";0.01
"Voyage Charter";"Corpus Christi";10;"New York";5;74112;0;"Grain";FALSE;FALSE;FALSE;16.87;"USD";0;18;TRUE;19855;0.29;0;0;0;0;7942;"McCorran Freight";0.02
"Voyage Charter";"Rio Grande";10;"Esmeraldas";9;42805;0;"Grain";TRUE;FALSE;FALSE;12.97;"USD";0;37;TRUE;17550;0.43;0;0;0;0;7020;"Crafters Group";0.05
"Voyage Charter";"Rotterdam";10;"Mina Saqr";11;102438;0;"Agribulk";FALSE;FALSE;FALSE;12.17;"USD";0;27;FALSE;17475;0.39;0;0;0;0;6990;"Worldwide Freight";0.03
"Voyage Charter";"Karachi";10;"Guangzhou";4;31000;0;"Minor Ores";FALSE;FALSE;FALSE;6.74;"USD";0;7;FALSE;19470;0.25;0;0;0;0;7788;"Omega Forwarding";0.03
"Contract Of Affreightment";"Chiba";10;"Dampier";53;25886;6;"Manufactureds";FALSE;FALSE;FALSE;24.89;"USD";10;0;TRUE;20578;0;0;0;0;0;8231;"McCorran Freight";0.02
"Voyage Charter";"Rotterdam";10;"Corpus Christi";6;74508;0;"Steel Products";FALSE;FALSE;FALSE;9.82;"USD";0;16;FALSE;17888;0.33;0;0;0;0;7155;"Brauner International";0.04
"Voyage Charter";"Rotterdam";10;"Marseille";2;38957;0;"Coal";FALSE;FALSE;FALSE;10.5;"USD";0;7;FALSE;20578;0.24;0;0;0;0;8231;"ABC Logisitcs";0.03
"Voyage Charter";"Marseille";10;"Rotterdam";2;34261;0;"Agribulk";FALSE;FALSE;FALSE;11.73;"USD";0;6;TRUE;20765;0.49;0;0;0;0;8306;"ABC Logisitcs";0.01
"Voyage Charter";"Hamburg";10;"Rotterdam";1;3910;0;"Manufactureds";FALSE;FALSE;FALSE;33;"USD";0;5;TRUE;11025;0.19;0;0;0;0;4410;"ABC Logisitcs";0.03
"Voyage Charter";"San Antonio";10;"San Vicente";1;4584;0;"Minor Ores";FALSE;FALSE;FALSE;16.56;"USD";0;7;TRUE;11025;0.19;0;0;0;0;4410;"Continental Maritime";0.02
"Voyage Charter";"Tubarao";10;"Rotterdam";5;66984;0;"Iron Ore";FALSE;FALSE;FALSE;10.54;"USD";0;9;FALSE;16630;0.35;0;0;0;0;6652;"ABC Logisitcs";0.03
"Voyage Charter";"Richards Bay";10;"Sihanoukville";6;52019;0;"Coal";FALSE;FALSE;FALSE;13.53;"USD";0;15;TRUE;17598;0.08;0;0;0;0;7039;"Blue Mountain Logistics";0.04
"Voyage Charter";"Rotterdam";10;"Marseille";2;23539;0;"Minor Ores";FALSE;FALSE;FALSE;15;"USD";0;6;FALSE;14935;0.49;0;0;0;0;5974;"Brauner International";0.03
"Voyage Charter";"Karachi";10;"Richards Bay";4;6803;0;"Manufactureds";FALSE;FALSE;FALSE;0.2;"USD";0;8;FALSE;13498;0.39;0;0;0;0;5399;"Bosman Freight Forwarders";0.01
"Voyage Charter";"Chiba";10;"Gothenburg";9;68838;0;"Coal";FALSE;TRUE;FALSE;18.9;"USD";0;7;FALSE;19760;0.13;0;0;0;0;7904;"Allseas Cargo";0.02
"Contract Of Affreightment";"Shanghai";10;"Marseille";53;99234;9;"Alumina";FALSE;FALSE;FALSE;14.65;"USD";8;0;TRUE;19025;0;0;0;0;0;7610;"Mann Global Logistics";0.04
"Voyage Charter";"Corpus Christi";10;"New York";3;47682;0;"Coal";FALSE;FALSE;FALSE;8.4;"USD";0;13;FALSE;19215;0.17;0;0;0;0;7686;"ABC Logisitcs";0.04
"Voyage Charter";"Incheon";10;"New York";10;92913;0;"Grain";FALSE;FALSE;FALSE;3.3;"USD";0;10;TRUE;24865;0.45;0;0;0;0;9946;"Intercargo Services";0.01
"Voyage Charter";"Rotterdam";10;"Marseille";2;26502;0;"Bauxite";FALSE;FALSE;FALSE;9.9;"USD";0;6;TRUE;14578;0.3;0;0;0;0;5831;"Brauner International";0.04
"Contract Of Affreightment";"Melbourne";10;"Dalian";55;80153;1;"Grain";FALSE;FALSE;FALSE;15.03;"USD";21;0;FALSE;18018;0;0;0;0;0;7207;"Omega Forwarding";0.01
"Contract Of Affreightment";"Dampier";10;"Melbourne";53;22027;8;"Manufactureds";FALSE;FALSE;FALSE;16.82;"USD";10;0;TRUE;21823;0;0;0;0;0;8729;"Bosman Freight Forwarders";0.01
"Voyage Charter";"Gijon";10;"Antwerp";1;9738;0;"Steel Products";FALSE;FALSE;FALSE;21.96;"USD";0;6;TRUE;11153;0.16;0;0;0;0;4461;"Worldwide Freight";0.02
"Voyage Charter";"Rotterdam";10;"Incheon";10;80914;0;"Steel Products";FALSE;FALSE;FALSE;16.21;"USD";0;7;TRUE;18858;0.11;0;0;0;0;7543;"Bosman Freight Forwarders";0.03
"Voyage Charter";"Rotterdam";10;"Marseille";2;35712;0;"Agribulk";FALSE;FALSE;FALSE;18.09;"USD";0;6;FALSE;21823;0.14;0;0;0;0;8729;"ABC Logisitcs";0.01
"Voyage Charter";"Corpus Christi";10;"Tallinn";5;52650;0;"Coal";FALSE;TRUE;FALSE;13.32;"USD";0;14;FALSE;21823;0.44;0;0;0;0;8729;"McCorran Freight";0.04
"Voyage Charter";"Rotterdam";10;"Gothenburg";1;5765;0;"Agribulk";FALSE;TRUE;FALSE;40.46;"USD";0;5;FALSE;11153;0.31;0;0;0;0;4461;"Worldwide Freight";0.05
"Voyage Charter";"Rotterdam";10;"Dunkirk";1;3810;0;"Agribulk";FALSE;FALSE;FALSE;27.09;"USD";0;5;FALSE;11153;0.19;0;0;0;0;4461;"ABC Logisitcs";0.03
"Voyage Charter";"Guangzhou";10;"Pasir Gudang";2;32207;0;"Agribulk";FALSE;FALSE;FALSE;18.68;"USD";0;6;TRUE;21823;0.37;0;0;0;0;8729;"Blue Mountain Logistics";0.02
"Contract Of Affreightment";"Chiba";11;"Corpus Christi";54;94525;12;"Steel Products";FALSE;FALSE;FALSE;14.17;"USD";19;0;FALSE;19208;0;0;0;0;0;7683;"Bosman Freight Forwarders";0.04
"Voyage Charter";"Antwerp";11;"Rotterdam";1;9758;0;"Agribulk";FALSE;FALSE;FALSE;20;"USD";0;6;TRUE;11353;0.4;0;0;0;0;4541;"ABC Logisitcs";0.04
"Voyage Charter";"Antwerp";11;"Rotterdam";1;4492;0;"Steam Coal";FALSE;FALSE;FALSE;22.64;"USD";0;5;FALSE;11093;0.01;0;0;0;0;4437;"Allseas Cargo";0.04
"Voyage Charter";"San Vicente";11;"San Antonio";2;6643;0;"Iron Ore";FALSE;FALSE;FALSE;22.34;"USD";0;8;FALSE;11093;0.23;0;0;0;0;4437;"Continental Maritime";0.03
"Voyage Charter";"Corpus Christi";11;"Mumbai";11;73913;0;"Agribulk";FALSE;FALSE;FALSE;14.83;"USD";0;23;FALSE;16128;0.05;0;0;0;0;6451;"Cargo Excellence";0.05
"Voyage Charter";"Dampier";11;"Mina Saqr";5;37054;0;"Coal";FALSE;FALSE;FALSE;10;"USD";0;11;FALSE;20578;0.11;0;0;0;0;8231;"Allseas Cargo";0.04
"Voyage Charter";"Gijon";11;"Rotterdam";1;20748;0;"Minor Ores";FALSE;FALSE;FALSE;10;"USD";0;6;FALSE;15228;0.05;0;0;0;0;6091;"Great Eagle Tranport Services";0.05
"Voyage Charter";"Cape Town";11;"Karachi";4;58434;0;"Minor Ores";FALSE;FALSE;FALSE;5;"USD";0;6;FALSE;16630;0.36;0;0;0;0;6652;"BYFCP";0.02
"Voyage Charter";"Richards Bay";11;"Rotterdam";7;62191;0;"Coal";FALSE;FALSE;FALSE;9.9;"USD";0;16;FALSE;15875;0.23;0;0;0;0;6350;"ABC Logisitcs";0.04
"Contract Of Affreightment";"Rotterdam";11;"Newcastle";53;97785;6;"Agribulk";FALSE;FALSE;FALSE;13.87;"USD";13;0;TRUE;14095;0;0;0;0;0;5638;"ABC Logisitcs";0.02
"Contract Of Affreightment";"Antwerp";11;"Dunkirk";52;4342;9;"Agribulk";FALSE;FALSE;FALSE;27.38;"USD";4;0;FALSE;11153;0;0;0;0;0;4461;"Brauner International";0.04
"Contract Of Affreightment";"Portland";11;"New York";53;88503;5;"Manufactureds";FALSE;FALSE;FALSE;17.06;"USD";10;0;TRUE;15488;0;0;0;0;0;6195;"Bosman Freight Forwarders";0.01
"Voyage Charter";"Pasir Gudang";11;"Richards Bay";6;58106;0;"Manufactureds";FALSE;FALSE;FALSE;11.9;"USD";0;19;TRUE;18858;0.01;0;0;0;0;7543;"Blue Mountain Logistics";0.01
"Voyage Charter";"Marseille";11;"Mina Saqr";10;98820;0;"Agribulk";FALSE;FALSE;FALSE;9.04;"USD";0;26;FALSE;14095;0.26;0;0;0;0;5638;"Great Eagle Tranport Services";0.04
"Voyage Charter";"Dunkirk";12;"Marseille";3;86061;0;"Bauxite";FALSE;FALSE;FALSE;11.29;"USD";0;7;FALSE;19855;0.4;0;0;0;0;7942;"Brauner International";0.02
"Voyage Charter";"Guangzhou";12;"Chiba";2;49653;0;"Coal";FALSE;FALSE;FALSE;13;"USD";0;7;FALSE;19470;0.41;0;0;0;0;7788;"Omega Forwarding";0.04
"Voyage Charter";"Rotterdam";12;"Dunkirk";1;10348;0;"Bauxite";FALSE;FALSE;FALSE;22.13;"USD";0;4;FALSE;11093;0.1;0;0;0;0;4437;"Mann Global Logistics";0.02
"Voyage Charter";"Rotterdam";12;"Pasir Gudang";9;68944;0;"Agribulk";FALSE;FALSE;FALSE;14;"USD";0;11;FALSE;17980;0.1;0;0;0;0;7192;"ABC Logisitcs";0.02
"Voyage Charter";"Guangzhou";12;"Corpus Christi";12;52754;0;"Manufactureds";FALSE;FALSE;FALSE;15;"USD";0;20;FALSE;17980;0.26;0;0;0;0;7192;"ABC Logisitcs";0.01
"Voyage Charter";"Marseille";12;"Antwerp";2;15081;0;"Agribulk";FALSE;FALSE;FALSE;18.47;"USD";0;6;TRUE;15228;0.37;0;0;0;0;6091;"ABC Logisitcs";0.04
"Voyage Charter";"Rotterdam";12;"Antwerp";1;4857;0;"Steel Products";FALSE;FALSE;FALSE;14.79;"USD";0;4;TRUE;13498;0.45;0;0;0;0;5399;"Worldwide Freight";0.05
"Voyage Charter";"Antwerp";12;"Marseille";2;19264;0;"Fertilizers";FALSE;FALSE;FALSE;21.29;"USD";0;6;FALSE;14935;0.36;0;0;0;0;5974;"ABC Logisitcs";0.05
"Voyage Charter";"Rotterdam";12;"Dalian";10;73038;0;"Grain";FALSE;FALSE;FALSE;25;"USD";0;7;FALSE;19885;0.23;0;0;0;0;7954;"ABC Logisitcs";0.02
"Contract Of Affreightment";"Dalian";12;"Odessa";58;60721;5;"Coal";TRUE;TRUE;FALSE;17.5;"USD";48;0;FALSE;15875;0;0;0;0;0;6350;"Allseas Cargo";0.05
"Voyage Charter";"Gdansk";12;"Antwerp";2;24795;0;"Manufactureds";FALSE;TRUE;FALSE;10;"USD";0;7;FALSE;19215;0.09;0;0;0;0;7686;"Worldwide Freight";0.03
"Voyage Charter";"Gijon";12;"Marseille";2;14380;0;"Minor Ores";FALSE;FALSE;FALSE;5.6;"USD";0;6;TRUE;14578;0.22;0;0;0;0;5831;"Great Eagle Tranport Services";0.01
"Voyage Charter";"Corpus Christi";12;"Pasir Gudang";9;31298;0;"Grain";FALSE;FALSE;FALSE;20.43;"USD";0;11;TRUE;19215;0.39;0;0;0;0;7686;"ABC Logisitcs";0.01
"Voyage Charter";"Corpus Christi";12;"New York";3;32289;0;"Grain";FALSE;FALSE;FALSE;4.6;"USD";0;11;TRUE;19215;0.1;0;0;0;0;7686;"McCorran Freight";0.01
"Voyage Charter";"Gothenburg";12;"New York";4;67928;0;"Alumina";FALSE;TRUE;FALSE;10.49;"USD";0;8;TRUE;16078;0.32;0;0;0;0;6431;"Mann Global Logistics";0.01
"Voyage Charter";"Dampier";12;"Incheon";4;32265;0;"Manufactureds";FALSE;FALSE;FALSE;21.9;"USD";0;13;FALSE;21823;0.35;0;0;0;0;8729;"McCorran Freight";0.05
"Voyage Charter";"Dampier";12;"Jeddah";6;52462;0;"Agribulk";FALSE;FALSE;FALSE;19.02;"USD";0;17;FALSE;16078;0.43;0;0;0;0;6431;"Blue Mountain Logistics";0.02
"Voyage Charter";"Tallinn";12;"Gothenburg";1;10044;0;"Coal";FALSE;TRUE;FALSE;31.03;"INR";0;4;FALSE;11153;0.19;0;0;0;0;4461;"Allseas Cargo";0.01
"Voyage Charter";"Hamburg";12;"Guangzhou";10;55720;0;"Steel Products";FALSE;FALSE;FALSE;22.89;"USD";0;7;TRUE;16078;0.49;0;0;0;0;6431;"Brauner International";0.03
"Voyage Charter";"Dunkirk";13;"Wilhelmshaven";1;3439;0;"Manufactureds";FALSE;FALSE;FALSE;20;"USD";0;4;TRUE;11353;0.33;0;0;0;0;4541;"Brauner International";0.01
"Voyage Charter";"Shanghai";13;"Odessa";18;79310;0;"Grain";TRUE;TRUE;FALSE;24.29;"USD";0;58;FALSE;17888;0.28;0;0;0;0;7155;"Omega Forwarding";0.03
"Voyage Charter";"Marseille";13;"Rotterdam";3;53956;0;"Coal";FALSE;FALSE;FALSE;2;"USD";0;7;TRUE;16150;0.14;0;0;0;0;6460;"Brauner International";0.01
"Voyage Charter";"Marseille";13;"Corpus Christi";5;36925;0;"Agribulk";FALSE;FALSE;FALSE;16.05;"USD";0;13;TRUE;20765;0.03;0;0;0;0;8306;"McCorran Freight";0.01
"Voyage Charter";"Rotterdam";13;"Marseille";2;37241;0;"Agribulk";FALSE;FALSE;FALSE;16;"USD";0;7;FALSE;17598;0.49;0;0;0;0;7039;"Great Eagle Tranport Services";0.03
"Voyage Charter";"Marseille";13;"Rotterdam";2;28395;0;"Agribulk";FALSE;FALSE;FALSE;8;"USD";0;6;FALSE;17598;0.37;0;0;0;0;7039;"Great Eagle Tranport Services";0.03
"Voyage Charter";"Marseille";13;"Rotterdam";2;19605;0;"Agribulk";FALSE;FALSE;FALSE;15;"USD";0;6;FALSE;14935;0.1;0;0;0;0;5974;"Worldwide Freight";0.04
"Voyage Charter";"Dunkirk";13;"Rotterdam";1;16422;0;"Manufactureds";FALSE;FALSE;FALSE;9.9;"USD";0;5;FALSE;14578;0.25;0;0;0;0;5831;"Brauner International";0.03
"Voyage Charter";"Tubarao";13;"San Antonio";5;63372;0;"Iron Ore";FALSE;FALSE;FALSE;3.1;"USD";0;18;FALSE;15875;0.38;0;0;0;0;6350;"Continental Maritime";0.03
"Voyage Charter";"Marseille";13;"Antwerp";2;12844;0;"Manufactureds";FALSE;FALSE;FALSE;5.9;"USD";0;5;TRUE;14578;0.05;0;0;0;0;5831;"Great Eagle Tranport Services";0.02
"Voyage Charter";"Antwerp";13;"Marseille";2;22690;0;"Bauxite";FALSE;FALSE;FALSE;9.9;"USD";0;5;FALSE;14578;0.13;0;0;0;0;5831;"Brauner International";0.01
"Contract Of Affreightment";"Portland";13;"New York";53;104915;3;"Agribulk";FALSE;FALSE;FALSE;14.29;"USD";10;0;FALSE;15488;0;0;0;0;0;6195;"ABC Logisitcs";0.02
"Contract Of Affreightment";"Jeddah";13;"Rotterdam";53;38000;1;"Iron Ore";FALSE;FALSE;FALSE;15;"USD";7;0;FALSE;21823;0;0;0;0;0;8729;"Continental Maritime";0.03
"Voyage Charter";"Marseille";14;"Rotterdam";2;23293;0;"Iron Ore";FALSE;FALSE;FALSE;12;"USD";0;6;FALSE;15228;0.43;0;0;0;0;6091;"Great Eagle Tranport Services";0.05
"Voyage Charter";"Antwerp";14;"Gdansk";1;17803;0;"Coal";FALSE;TRUE;FALSE;22.24;"USD";0;6;FALSE;15228;0.38;0;0;0;0;6091;"Brauner International";0.05
"Voyage Charter";"New York";14;"Kamsar";3;28521;0;"Agribulk";FALSE;FALSE;FALSE;17.41;"USD";0;5;TRUE;17598;0.48;0;0;0;0;7039;"ABC Logisitcs";0.04
"Voyage Charter";"Batumi";14;"Gothenburg";6;68838;0;"Coal";FALSE;TRUE;FALSE;9.83;"USD";0;15;FALSE;18858;0.26;0;0;0;0;7543;"Allseas Cargo";0.03
"Voyage Charter";"Chiba";14;"New York";11;92276;0;"Steel Products";FALSE;FALSE;FALSE;8.71;"USD";0;8;FALSE;18858;0.12;0;0;0;0;7543;"Omega Forwarding";0.05
"Voyage Charter";"Corpus Christi";14;"Tubarao";6;47105;0;"Grain";FALSE;FALSE;FALSE;15.58;"USD";0;14;FALSE;21823;0.35;0;0;0;0;8729;"McCorran Freight";0.03
"Voyage Charter";"Incheon";15;"Mumbai";4;41169;0;"Coal";FALSE;FALSE;FALSE;10;"USD";0;6;TRUE;20578;0.44;0;0;0;0;8231;"McCorran Freight";0.05
"Voyage Charter";"Antwerp";15;"Rotterdam";1;4375;0;"Manufactureds";FALSE;FALSE;FALSE;33.49;"USD";0;5;TRUE;11093;0.03;0;0;0;0;4437;"Worldwide Freight";0.05
"Voyage Charter";"Hamburg";15;"Antwerp";1;9352;0;"Steel Products";FALSE;FALSE;FALSE;28.5;"USD";0;5;FALSE;11153;0.17;0;0;0;0;4461;"Bosman Freight Forwarders";0.03
"Voyage Charter";"Tallinn";15;"Pasir Gudang";8;10978;0;"Manufactureds";FALSE;TRUE;FALSE;41.8;"USD";0;5;FALSE;15135;0.01;0;0;0;0;6054;"Blue Mountain Logistics";0.01
"Voyage Charter";"Rotterdam";16;"Marseille";2;18902;0;"Bauxite";FALSE;FALSE;FALSE;10;"USD";0;6;FALSE;15228;0.28;0;0;0;0;6091;"Mann Global Logistics";0.01
"Voyage Charter";"Rotterdam";16;"Jeddah";8;47379;0;"Agribulk";FALSE;FALSE;FALSE;18;"USD";0;9;TRUE;16630;0.13;0;0;0;0;6652;"Cargo Excellence";0.02
"Voyage Charter";"Hamburg";16;"Odessa";6;29577;0;"Fertilizers";TRUE;TRUE;FALSE;12.62;"USD";0;26;TRUE;21823;0.47;0;0;0;0;8729;"ABC Logisitcs";0.03
"Voyage Charter";"Rotterdam";17;"Marseille";2;28860;0;"Steel Products";FALSE;FALSE;FALSE;16.22;"USD";0;6;FALSE;21823;0.13;0;0;0;0;8729;"Worldwide Freight";0.05
"Voyage Charter";"Esmeraldas";18;"Chiba";16;91625;0;"Coal";TRUE;FALSE;FALSE;4.3;"USD";0;71;TRUE;17213;0.19;0;0;0;0;6885;"Allseas Cargo";0.04
"Voyage Charter";"Rostock";18;"Rotterdam";3;8891;0;"Woodproducts";TRUE;TRUE;FALSE;15.3;"USD";0;15;TRUE;11068;0.4;0;0;0;0;4427;"ABC Logisitcs";0.01
"Voyage Charter";"Rotterdam";20;"Mina Saqr";9;67512;0;"Agribulk";FALSE;FALSE;FALSE;18.01;"USD";0;19;TRUE;18858;0.18;0;0;0;0;7543;"Cargo Excellence";0.04
"Voyage Charter";"Odessa";20;"Tubarao";6;18000;0;"Steel Products";TRUE;TRUE;FALSE;16.99;"USD";0;21;FALSE;15135;0.32;0;0;0;0;6054;"Bosman Freight Forwarders";0.04